"sample.size";"set";"params";"example";"reldist.kurt";"reldist.skew";"reldist.norm";"dist.kurt";"dist.skew";"dist.norm"
400;"clean";"Signbased.vis";1;0,122028261514188;-1,22933207031335;0,0264234513331331;0,0209611014286367;-0,928358587446629;0,12185314264875
400;"clean";"Signbased.log";1;-0,24250720448924;0,431542513229909;0,437833031809302;-0,123208806570402;0,159601354825295;0,886757533761071
400;"clean";"Signbased.all";1;-0,613648900685054;0,318990077602314;0,216565454040948;-0,173579469953334;0,403236978326674;0,825542519011039
400;"clean";"Superlogical";1;-0,112131569380141;0,423440778640888;0,796153019443218;0,137332588347793;-0,183814313315409;0,896316107869076
400;"clean";"Signbased.vis.gap";1;0,751388906006496;1,11073266766034;0,0935028638937037;0,276867560798982;-0,599704989930083;0,342617384087991
400;"clean";"Signbased.log.gap";1;-0,377795457970839;-1,03001695166165;0,0647516361086735;1,1376711780242;-1,62463248925492;0,00766229369224887
400;"clean";"Signbased.all.gap";1;-0,0926015470804956;0,324340317147531;0,908701490196353;-0,262312075846297;-0,974067585906367;0,233122742927668
400;"clean";"Superlogical.gap";1;-0,311703859609411;-0,744422711052281;0,399967182698159;0,599209375627582;-1,40286911121556;0,0101992004726694
400;"clean";"Signbased.vis";2;0,532350939090715;-2,33257848023572;1,3508807512541e-05;0,526198011343293;-2,64361564619178;5,03157079438159e-07
400;"clean";"Signbased.log";2;0,356736005020385;-0,0480249989979889;0,462181179147223;0,459431726859311;-0,523457100292175;0,603605206478378
400;"clean";"Signbased.all";2;-0,164466899752071;0,189164940770575;0,811110562576616;-0,0110124941252591;-0,361875996605236;0,992861826890623
400;"clean";"Superlogical";2;0,192755711054993;0,400864489032183;0,342590315405128;-0,0121263715316138;-0,681854240292988;0,4922616593113
400;"clean";"Signbased.vis.gap";2;0,228673118583026;-0,447141650322401;0,432090135861708;0,0252716215155102;-1,07269710373882;0,0803901170104371
400;"clean";"Signbased.log.gap";2;0,328897081982037;0,359326384188388;0,675666524741189;-1,1675770110525;-0,0807633227935264;0,0624390796092968
400;"clean";"Signbased.all.gap";2;0,0674377818337888;0,57258624682321;0,504040404103021;-0,27327083134417;-0,052204039054632;0,913764083365757
400;"clean";"Superlogical.gap";2;0,0963332817787258;-0,111953905713289;0,903256519581305;-0,0340638961178685;-0,512111532577466;0,669427598834539
400;"clean";"Signbased.vis";3;-0,844387025840775;-0,475794302829784;0,0826536073077734;-0,997412485050636;-0,629599475438961;0,0215938556264229
400;"clean";"Signbased.log";3;-0,1275303331043;-0,849873587073088;0,218855197042724;-0,0116546404789478;-0,424368096296058;0,544160659177769
400;"clean";"Signbased.all";3;-0,198855802341235;-0,0486728199715472;0,893837716770356;-0,00512044419344167;-0,172196767008025;0,842603356512987
400;"clean";"Superlogical";3;0,724573621881983;-0,327197464134569;0,587232566796916;0,000913034580394283;-1,24918155600373;0,037090281906512
400;"clean";"Signbased.vis.gap";3;0,0957245906814983;0,485640083769284;0,431654650818289;0,905811828901046;-1,4548882356586;0,0183664122169899
400;"clean";"Signbased.log.gap";3;-0,35293466987864;-0,107270288826072;0,744996456915486;0,761723927148306;-1,08911772841703;0,0855116076594137
400;"clean";"Signbased.all.gap";3;0,445763290577755;-0,105763860472258;0,670205655326288;0,00350708524152855;-0,367095568982941;0,563105993469911
400;"clean";"Superlogical.gap";3;0,242839848437128;-0,199054783420906;0,655814694920746;-0,184363357572157;-0,318044454434871;0,773257115720021
400;"clean";"Signbased.vis";4;-0,712146561432438;-0,12265818471567;0,4851609479274;-0,707684088131673;-0,102932000293114;0,569405868828014
400;"clean";"Signbased.log";4;0,837780385399826;-1,17231416666393;0,0757802847690259;0,209444645880258;-1,04330426897861;0,0961618806755474
400;"clean";"Signbased.all";4;0,38252102452122;-0,768513063333769;0,216622085316507;-0,0403080517864371;-0,56947435371007;0,707628156760029
400;"clean";"Superlogical";4;-0,544190748465021;0,160736419326976;0,720997212898728;-0,6214383323622;-0,18457315933281;0,490639687683198
400;"clean";"Signbased.vis.gap";4;0,243081967591076;-0,780942514510232;0,12399076006329;0,383996495691803;-1,1283821334912;0,104108538241474
400;"clean";"Signbased.log.gap";4;-0,0715873175681513;-0,540713921904358;0,658850229854959;-0,170552032317205;-0,649882096880415;0,487349869250922
400;"clean";"Signbased.all.gap";4;-0,316778488605849;-0,649099366291786;0,389851032770809;-0,592918916820113;-1,20858088464504;0,00639044645218503
400;"clean";"Superlogical.gap";4;-0,479146836401831;-1,12279797658204;0,00708022960637207;-0,60011161265374;-1,01364546729386;0,0324950122615342
400;"clean";"Signbased.vis";5;3,28898958021507;-4,26549596132045;3,27533966170162e-12;3,49121845360759;-4,59162838056592;1,21801317962135e-13
400;"clean";"Signbased.log";5;0,380423905730761;0,640397794593743;0,518127655993405;0,487835065699412;0,184461651499358;0,74354520052585
400;"clean";"Signbased.all";5;0,1105732806135;0,180636203680657;0,832197888909776;-0,053225250493923;-0,228798553232639;0,962065149523677
400;"clean";"Superlogical";5;0,195239418932075;0,168366362648669;0,799171375396184;-0,134126722123641;-0,658525130495386;0,458863652823323
400;"clean";"Signbased.vis.gap";5;-0,150837822242749;0,0152267555369521;0,238009644610628;1,12106291699475;-2,01461472820021;0,00022011635206613
400;"clean";"Signbased.log.gap";5;1,12683946949105;0,169165890592234;0,0145171530063555;-0,502068617521736;-0,682915694535318;0,339631219650435
400;"clean";"Signbased.all.gap";5;-0,0816096863451802;1,14623804216966;0,0818053157780079;0,604658234685949;0,572659968075659;0,224478974605282
400;"clean";"Superlogical.gap";5;-0,199346945837143;0,203359375172018;0,949932053596954;0,397848843854689;-0,602430642231719;0,169095854254835
400;"withoutSB";"Signbased.vis";1;-0,412203945542076;-0,18891512116685;0,637076664795949;-0,344716070982822;-0,117408544063618;0,901607532668911
400;"withoutSB";"Signbased.log";1;-0,219227689016443;0,62860281470836;0,620341985215837;-0,265832488726825;-0,123544065349931;0,740577375589016
400;"withoutSB";"Signbased.all";1;-0,693685182716769;-0,539835323161346;0,142901037224716;-0,344840043348724;-0,596452213076501;0,458488000155294
400;"withoutSB";"Superlogical";1;-0,883736477401246;0,838030709932404;0,0366554503289275;-1,21797567653704;0,197650224319181;0,0299894240664554
400;"withoutSB";"Signbased.vis.gap";1;-0,982636437352036;0,340422451667072;0,15725779450839;0,532947792921099;-1,05528236634057;0,0970701621741265
400;"withoutSB";"Signbased.log.gap";1;-0,242699869595366;-0,576157696432088;0,345448825827082;0,25929694937242;-0,754715792116691;0,419486079069774
400;"withoutSB";"Signbased.all.gap";1;-0,649165436724827;0,863192612361402;0,0706516301619961;-0,507334999646255;0,143256122137041;0,872313183559613
400;"withoutSB";"Superlogical.gap";1;0,895210497119851;-0,433797568594672;0,278017534595092;1,05671084435364;-1,68471303142417;0,00393093733257364
400;"withoutSB";"Signbased.vis";2;1,00020687083745;-2,72673132004777;2,5524952163438e-07;0,869628440645591;-2,95648914332028;2,46988095295078e-08
400;"withoutSB";"Signbased.log";2;-0,357164887588536;-0,0731216551255345;0,933381028866141;-0,303269882336674;-0,534410152383907;0,527924353577417
400;"withoutSB";"Signbased.all";2;-0,348285345681462;-0,35678021266351;0,796323764129482;-0,413811170446349;-0,258589593518109;0,553331200264923
400;"withoutSB";"Superlogical";2;-0,267632149929601;0,128279386534092;0,910143893678656;0,121326587953252;-0,486018277141081;0,44840093130185
400;"withoutSB";"Signbased.vis.gap";2;-0,38288032313056;0,182736311565817;0,372918803622968;0,00953924161079894;-0,505977988648157;0,540178942335483
400;"withoutSB";"Signbased.log.gap";2;-0,411951303019393;0,239699107700608;0,69636202316617;0,0700493353105283;-0,625872985187102;0,443738483538254
400;"withoutSB";"Signbased.all.gap";2;-0,758385021509871;0,472683656093386;0,104579603000922;-0,527809723464185;0,344165952776857;0,0692474497608292
400;"withoutSB";"Superlogical.gap";2;0,427829728048296;0,145545403203061;0,858138924467994;0,588708403080509;-0,567548299120611;0,59966638136353
400;"withoutSB";"Signbased.vis";3;-0,288176175130507;-1,84736274301193;0,00012829518266799;-0,0291604763836032;-1,95564605244764;7,76783766967991e-05
400;"withoutSB";"Signbased.log";3;0,449844214188162;-0,682827711582637;0,045663545399077;-0,0594916884386568;-0,58475720509452;0,124038593050546
400;"withoutSB";"Signbased.all";3;0,800380694275406;-1,33202870319437;0,0292013235514629;0,975516468996333;-0,864869703326247;0,170294928145516
400;"withoutSB";"Superlogical";3;-0,253747122120694;0,172818395791112;0,521616785023287;-0,352700091028623;-0,564459855603004;0,246520353580031
400;"withoutSB";"Signbased.vis.gap";3;-0,891438940064076;-0,767531762968992;0,00984630477128237;0,483755644979951;-1,50662331684231;0,00965723592226849
400;"withoutSB";"Signbased.log.gap";3;-0,391882869448975;-0,853832341448721;0,165123562392725;0,00220370706670687;-1,49552118888428;0,00824610059440799
400;"withoutSB";"Signbased.all.gap";3;-0,312942545955878;-0,0591796449568738;0,79464356187322;0,00480227880534287;-1,38112254338331;0,013766016975768
400;"withoutSB";"Superlogical.gap";3;0,0363048082095264;-0,626469378189969;0,654022707755505;-0,0820631968597687;-1,0002745276669;0,137502648546668
400;"withoutSB";"Signbased.vis";4;0,149620187184762;-0,19062490286588;0,93181417220487;0,0914725043646086;-0,499781294567417;0,704378913747774
400;"withoutSB";"Signbased.log";4;1,29530537485159;-1,39379406152746;0,0132761705456175;0,524666424658879;-1,03647561831101;0,0560200888879918
400;"withoutSB";"Signbased.all";4;0,80596416948632;-1,44796612462829;0,0180052452209263;0,339411446132991;-1,20605605405785;0,132528660606472
400;"withoutSB";"Superlogical";4;-0,144400452806945;-0,734729174147444;0,286729881366211;-0,287028699357396;-0,961618653832485;0,127576816296804
400;"withoutSB";"Signbased.vis.gap";4;-0,771389193177743;-0,176293826445703;0,449149707365816;0,839671090382242;-1,480487201226;0,0115363878249321
400;"withoutSB";"Signbased.log.gap";4;-0,45191413834807;-0,760604132789775;0,165787096763517;-0,195531242590061;-0,770794491461965;0,223815556555513
400;"withoutSB";"Signbased.all.gap";4;-0,118652356577888;-0,246382290112915;0,968398681492457;0,496878521353768;-0,540006703903936;0,396153842826332
400;"withoutSB";"Superlogical.gap";4;0,258495847755036;0,393584238095299;0,315180689106151;-0,16659576536811;-0,166448140071455;0,8971907953186
400;"withoutSB";"Signbased.vis";5;5,1675456555922;-5,29281296670748;1,02665030050652e-14;5,56016089661743;-5,67083487447432;4,76119059975062e-16
400;"withoutSB";"Signbased.log";5;-0,456324990795118;-0,155090947032339;0,729545101107449;-0,436509221935581;-0,438924320294232;0,404210594095902
400;"withoutSB";"Signbased.all";5;-0,691718469098209;-0,161536914131986;0,689061863178292;-0,527488072236716;-0,513161244924065;0,128419901061392
400;"withoutSB";"Superlogical";5;-0,558934372435759;-0,175381196727885;0,846948568595778;-0,247801962830917;-1,1084466111422;0,020337060921956
400;"withoutSB";"Signbased.vis.gap";5;0,421555002819001;-1,07192398564396;0,0903331925332232;1,12615158108965;-1,65872706888815;0,00114577704850983
400;"withoutSB";"Signbased.log.gap";5;-0,419436927167785;0,306436787955781;0,466832809560026;0,519164415601555;-1,22920536255293;0,0130573436921911
400;"withoutSB";"Signbased.all.gap";5;0,0325790711266985;-0,691513052499846;0,31735456402456;-0,0229152791956959;-1,29866069566199;0,0170503346809754
400;"withoutSB";"Superlogical.gap";5;-0,197059915270017;-0,644918982776375;0,477787868289578;1,39339827757385;-1,79697140677567;0,000490476169308879
900;"clean";"Signbased.vis";1;0,503837223211276;-1,69166380278079;0,00174298732637099;0,347717421443565;-1,70348722295029;0,00171547932684915
900;"clean";"Signbased.log";1;-0,306300908316343;-0,0449547196008636;0,208420929783126;-0,438478197492274;-0,598063038160234;0,626328643940388
900;"clean";"Signbased.all";1;-0,076542851919661;-1,15585704405215;0,0434444507896796;0,00168759947195942;-1,31042292150038;0,0160910930653955
900;"clean";"Superlogical";1;-0,323842829760361;1,26405796930748;0,0395078418527131;-1,00093371141654;-0,307924426141743;0,237566408683709
900;"clean";"Signbased.vis.gap";1;0,865287334566588;0,0900554382764896;0,524844508083495;1,75268006236847;-1,54522536830361;0,00138670039142225
900;"clean";"Signbased.log.gap";1;-0,431701032630141;-0,367458451665676;0,356470513033557;-0,279052897918493;-1,54150529191922;0,00130760829873051
900;"clean";"Signbased.all.gap";1;-0,148661718100667;0,337148335196764;0,989543654564568;0,0913620821513463;-0,982152105628613;0,0809443646094534
900;"clean";"Superlogical.gap";1;-0,539669860281515;-0,996921530254598;0,0533282290142972;1,1319197877582;-2,55914426132016;5,09842662971898e-06
900;"clean";"Signbased.vis";2;1,25526049180908;-3,62881735745963;3,4874813971273e-10;1,28567678676034;-3,93963330354296;6,33771078259852e-12
900;"clean";"Signbased.log";2;0,217504521101228;-1,01925453181335;0,0290078636755434;0,270987231355763;-2,12000666887913;8,79060297424336e-05
900;"clean";"Signbased.all";2;-0,272470676168249;-1,088689662591;0,00688180157727564;-0,325051707953167;-1,50015470876553;0,00515651847738346
900;"clean";"Superlogical";2;0,00438135256990719;-0,715933028667716;0,0690337628051391;0,126694943421708;-0,737349518106155;0,278549941282263
900;"clean";"Signbased.vis.gap";2;0,223923725834265;0,232298916924485;0,499391284769897;-0,22994782494498;-0,931774533011467;0,168585757765754
900;"clean";"Signbased.log.gap";2;0,401758876303416;-0,460064084648577;0,594205413291009;0,315376332146321;-1,57164644533445;0,00141674980662296
900;"clean";"Signbased.all.gap";2;-0,772482668189359;-0,598909959077659;0,13588631690613;-0,338084796266092;-1,75060307806719;0,000434727824367459
900;"clean";"Superlogical.gap";2;-0,0678088366719544;-0,266829944948283;0,436367485864608;-0,144902321234441;-0,622021320067106;0,574111048045065
900;"clean";"Signbased.vis";3;-0,0813986607470384;-1,03162570482397;0,175535704804412;-0,118927025280299;-1,33711124691342;0,0213850786895169
900;"clean";"Signbased.log";3;-0,66329443354469;-0,571894841400947;0,165308911781087;-0,372266316306616;-0,749129077777022;0,191926800403738
900;"clean";"Signbased.all";3;-0,0278956669915773;0,401536738389352;0,257241424719312;-0,170061063955639;-0,26407946179669;0,593767411172525
900;"clean";"Superlogical";3;-0,418719981554662;0,253861615966976;0,913252040242081;-0,544504394595218;-0,387898228853672;0,525047287564808
900;"clean";"Signbased.vis.gap";3;0,300017695446173;0,1311998326163;0,732616347678658;1,15342292342027;-2,45412913919807;1,0215939690041e-05
900;"clean";"Signbased.log.gap";3;-0,541616713309626;-0,506495560258098;0,61490338821768;1,25422405415707;-2,13000852502609;0,000181094552511914
900;"clean";"Signbased.all.gap";3;-1,0835470965122;0,22055850293638;0,115934953824587;-0,756290850114403;-0,686495126273939;0,206855158891699
900;"clean";"Superlogical.gap";3;0,487344564276247;-0,0074651565178794;0,607794462199475;0,275658430559408;-1,86087162822037;0,00082359246791529
900;"clean";"Signbased.vis";4;0,431220330809741;-2,68925088465668;8,11722009250365e-07;0,33949057618754;-2,64041652661204;9,58793323887875e-07
900;"clean";"Signbased.log";4;0,71506879263425;-1,37876690949838;0,0110405979562677;0,739459377063478;-1,34298130664111;0,0085558133721116
900;"clean";"Signbased.all";4;1,06880086475572;-1,4779428015004;0,00720173310363806;0,151663703632799;-1,08374912333138;0,0964085314320116
900;"clean";"Superlogical";4;0,0166359928328944;-1,2138650412181;0,0562896703016967;0,550460760387527;-1,6306316327927;0,00539431988249522
900;"clean";"Signbased.vis.gap";4;-0,602001015697416;0,292713895849537;0,352491870054237;0,300432358941255;-0,446393543951545;0,75487470327488
900;"clean";"Signbased.log.gap";4;0,175576347050109;-1,06709458405753;0,120872768555966;0,634049217287988;-2,40723041151693;1,92459034716232e-05
900;"clean";"Signbased.all.gap";4;-0,398099205494668;0,16691368437895;0,605849991200247;-0,938971375811404;-1,13491047022552;0,00394226579892335
900;"clean";"Superlogical.gap";4;0,17498510217928;-0,569998324694362;0,273946842157175;1,90410672675072;-2,97721845946261;2,40810666040434e-07
900;"clean";"Signbased.vis";5;0,861786306164546;-4,63479776859418;1,37649360490396e-15;1,12956319172314;-5,19390552515097;5,99994671785264e-18
900;"clean";"Signbased.log";5;-1,00514893049163;-1,33721731669477;0,0011102030269435;-0,293184761312181;-1,30635693826527;0,0091135690040024
900;"clean";"Signbased.all";5;-0,148778100449778;-1,03243681962897;0,0852311620658109;-0,291115403267262;-1,41582730468911;0,00316019045758856
900;"clean";"Superlogical";5;-1,0816614878776;0,119252613631565;0,00503045070597009;-0,623141643781397;-1,0022172002018;0,00878401024034368
900;"clean";"Signbased.vis.gap";5;0,0410769997357135;0,336185533734032;0,94835627522371;1,63470599954272;-1,93121097335974;0,000350209940330782
900;"clean";"Signbased.log.gap";5;1,57842177691385;-0,131047600932722;0,0170955099747605;1,18451994588612;-1,14471239703089;0,0493044425985358
900;"clean";"Signbased.all.gap";5;-0,154205433472657;0,532221032337363;0,36618859697708;-0,731362030970821;-0,498588470571068;0,160114660946503
900;"clean";"Superlogical.gap";5;0,0986312219842318;0,411985038338964;0,237023653103922;0,826780392753798;-0,993053679543321;0,0273127651015048
900;"withoutSB";"Signbased.vis";1;0,658425945941318;0,0077659634291786;0,157651602822424;0,546971267335014;0,223574117950078;0,184443277713202
900;"withoutSB";"Signbased.log";1;-0,683110998174637;0,12351359361968;0,572462182862249;-0,441081159729783;-0,267831907087856;0,672244533241161
900;"withoutSB";"Signbased.all";1;-0,610833490587808;-0,952878522262739;0,043208862435537;-0,336925987883627;-1,19375018736861;0,0447522662900687
900;"withoutSB";"Superlogical";1;-0,0813996634675;0,563473893762937;0,447779507755172;-0,0172019639324756;-0,855757850178738;0,25795725687482
900;"withoutSB";"Signbased.vis.gap";1;0,348767718945782;0,743234288300207;0,362339402054648;0,293759371809404;-1,0279884386588;0,082991095063523
900;"withoutSB";"Signbased.log.gap";1;-0,438005508457599;-1,08200646960137;0,0542274496891214;0,657471744239768;-2,59512408512313;7,53140301787906e-07
900;"withoutSB";"Signbased.all.gap";1;-0,588046308804127;0,213779146347078;0,484786662809272;-0,542927146113244;-0,812502968281472;0,0690908943873015
900;"withoutSB";"Superlogical.gap";1;-0,424417390109207;-0,672034422030731;0,254547799478272;0,991530375394134;-2,38797931103734;1,62429211680107e-05
900;"withoutSB";"Signbased.vis";2;2,56336700480416;-4,56569662140191;5,33793249859282e-13;2,70661041622509;-5,02326123911941;7,67582218453034e-15
900;"withoutSB";"Signbased.log";2;0,138245338768311;0,240817782782443;0,758728922904015;0,139411193250829;-0,349270031706374;0,527496037872448
900;"withoutSB";"Signbased.all";2;-0,560936622276967;0,311372209812356;0,417275552050865;-0,34710171599804;-0,259836816914484;0,80221706087407
900;"withoutSB";"Superlogical";2;-0,666407363910117;-0,0548042265790321;0,606581957313866;-0,524450290078877;-0,917912085462777;0,0267016824933311
900;"withoutSB";"Signbased.vis.gap";2;0,971456824813719;1,21920956245137;0,0152927897253576;0,59685630764912;-0,69582941484962;0,0973047824447589
900;"withoutSB";"Signbased.log.gap";2;1,55169045468234;-1,86190231530012;0,000215410166363329;3,15747748045993;-2,99832467819369;5,1030253450521e-08
900;"withoutSB";"Signbased.all.gap";2;-0,0628578876546785;0,436629112500071;0,274853681106573;-0,876479339158108;-0,0903522109726729;0,315251614553058
900;"withoutSB";"Superlogical.gap";2;-0,134423450101688;-0,278866252353347;0,862812249679467;1,43752491494558;-2,30846625178154;1,32326001553654e-05
900;"withoutSB";"Signbased.vis";3;0,225237186347993;-2,02043717980655;9,59280186852865e-05;0,577121492585577;-2,48617076652933;7,41220011563615e-07
900;"withoutSB";"Signbased.log";3;-0,0893101915680523;-0,622676518120305;0,347974051454468;-0,174088051792932;-0,729009945429907;0,362002980128233
900;"withoutSB";"Signbased.all";3;0,192813930182115;-0,608426551464137;0,240814371531688;0,0986282893374972;-0,993708056689212;0,159836194364569
900;"withoutSB";"Superlogical";3;0,312150168430802;-0,192363451724457;0,761184828541285;0,23285246393862;-0,372355945512982;0,679230270784116
900;"withoutSB";"Signbased.vis.gap";3;-0,0375727095689714;-0,651117491237453;0,602855699095021;0,452228611336091;-2,08516116998072;9,08597113311905e-05
900;"withoutSB";"Signbased.log.gap";3;-0,232463748344811;0,255641058271823;0,383696604480733;0,897279660978736;-2,72256452194483;7,7389555224823e-07
900;"withoutSB";"Signbased.all.gap";3;0,334844586608265;0,310485085728783;0,494155549561646;-0,173893642080456;-1,38312774186739;0,026141754034502
900;"withoutSB";"Superlogical.gap";3;0,12402730947806;-0,334078772838318;0,881568742865837;0,311677300456313;-1,80481811467507;0,000242007626802461
900;"withoutSB";"Signbased.vis";4;0,444479247035452;-0,666992226839281;0,296545130650734;0,319742968749942;-0,556375513458876;0,558968549711022
900;"withoutSB";"Signbased.log";4;0,238841425959828;-0,548960948772934;0,553566651913096;0,4013808734931;-0,737784148738103;0,485167948424254
900;"withoutSB";"Signbased.all";4;-0,163208058418981;-0,546431071720293;0,528953608455412;-0,331023128653862;0,0715226451635642;0,774511292881483
900;"withoutSB";"Superlogical";4;-0,629482382552976;0,563540273737477;0,294567189934845;-0,423675989627808;-0,125247685345485;0,654423884710602
900;"withoutSB";"Signbased.vis.gap";4;0,291099691326693;0,61435743602802;0,78972825571339;0,842797825556264;-1,41639434262392;0,0245528030208934
900;"withoutSB";"Signbased.log.gap";4;-0,509317366770927;-0,55602550297421;0,182608538478269;-0,352482367575602;-1,60041603062981;0,00173723781604377
900;"withoutSB";"Signbased.all.gap";4;-0,516825565724755;0,100851018706843;0,835149765635454;-0,377276972782074;-1,00700312159346;0,0555743387524949
900;"withoutSB";"Superlogical.gap";4;-0,276876254864043;0,182744560812219;0,684597755041842;-0,505533875531918;-0,707920934834104;0,183892900287928
900;"withoutSB";"Signbased.vis";5;6,87759580275134;-6,85459402887216;7,39014804433794e-19;8,07135549244528;-7,84226095128442;1,37358882621257e-21
900;"withoutSB";"Signbased.log";5;-0,992418968978826;-0,815236942787157;0,0175853046191826;-0,589640824996397;-1,36181561757315;0,00529940857664626
900;"withoutSB";"Signbased.all";5;-0,446662076609955;-0,950906950247;0,138075654240405;-0,367718721858778;-1,67270035339083;0,00120041338889158
900;"withoutSB";"Superlogical";5;-0,673878091819276;-0,960514836851125;0,0440405495798523;-0,415842749012645;-1,21404428179265;0,00717865354141463
900;"withoutSB";"Signbased.vis.gap";5;-0,587803899752971;0,48680877849239;0,337265051186209;-0,132893956535396;-1,24599350998732;0,0158174115808798
900;"withoutSB";"Signbased.log.gap";5;0,662168523224076;-0,154820142157864;0,522827666626151;0,422553179803309;-1,78243740041825;0,00247290975981491
900;"withoutSB";"Signbased.all.gap";5;-0,279545490962363;-0,0526297477556494;0,611414416477122;-0,493171216607563;-1,08528255787597;0,0325949641049674
900;"withoutSB";"Superlogical.gap";5;0,363925687914137;-0,515147642673281;0,21913711307509;0,347980031569502;-1,30265038584062;0,0527289462240263
1600;"clean";"Signbased.vis";1;-0,112799663229151;-1,37615158475542;0,0201609955667332;-0,166298340553186;-1,34060707171007;0,0278587995957227
1600;"clean";"Signbased.log";1;-0,280339969766153;-0,415284408318492;0,839575397520016;0,70655897411298;-1,71076591567195;0,00514480300048945
1600;"clean";"Signbased.all";1;-0,405949098895811;-1,24527473586996;0,00894048242842069;0,0716793338644236;-1,71581948213623;0,000345583816014935
1600;"clean";"Superlogical";1;-0,447396659650328;0,271232883260927;0,756559912835511;-0,502074874916632;-1,39251028886833;0,018235471048639
1600;"clean";"Signbased.vis.gap";1;-0,121504061241386;0,296989901294141;0,520749110339247;-0,199038364497229;-1,4024921836313;0,00722728957459978
1600;"clean";"Signbased.log.gap";1;0,51568804432103;-2,79738769433515;1,13450999287541e-07;1,51443729513065;-3,72315801808337;4,79183052704037e-10
1600;"clean";"Signbased.all.gap";1;-1,04925798200463;0,156406822819898;0,138959661533776;0,25197499524949;-2,36653761605712;1,61074281905221e-05
1600;"clean";"Superlogical.gap";1;-0,458484469760261;-1,39365550051601;0,0115719897165601;0,6879893393334;-2,79869869047266;4,93376509375619e-07
1600;"clean";"Signbased.vis";2;2,9081379134254;-5,19212971538817;5,52248681118845e-15;2,77327352807081;-5,80301096113535;1,16746250403789e-17
1600;"clean";"Signbased.log";2;0,0710009521011712;0,214692420277001;0,908229844858432;-0,116960039528991;-0,807638655473668;0,246977406951966
1600;"clean";"Signbased.all";2;-0,762499896289814;-0,172319664942263;0,402392268883516;-0,579908003684537;-0,613548252608317;0,434848975387431
1600;"clean";"Superlogical";2;0,0833143847116004;0,304202856967204;0,392518194235025;-0,0771288209756973;-1,33976801286336;0,00700970630991955
1600;"clean";"Signbased.vis.gap";2;-0,0444220781498932;-0,610991063963318;0,0528165059625006;0,036501767060936;-2,0497830927626;6,44233639206521e-05
1600;"clean";"Signbased.log.gap";2;-0,47426854030216;-0,458478117631326;0,700353911634454;1,66515370471171;-2,16010261915696;5,58098067212255e-05
1600;"clean";"Signbased.all.gap";2;-0,9360115743718;0,0409060637678182;0,317168653707296;-0,59113551811305;-1,6366504239336;0,0013577354981691
1600;"clean";"Superlogical.gap";2;1,08311314668643;0,47020235851285;0,16466445637276;1,68497886372561;-1,87581515526469;0,000144658589538399
1600;"clean";"Signbased.vis";3;0,209479746727597;-2,71519682211407;1,76667251686999e-07;0,379475787758642;-2,71100617676001;1,80775884556994e-07
1600;"clean";"Signbased.log";3;0,434455662329463;-0,148538835002905;0,277299435117775;-0,454751787586148;-0,846469292818532;0,144697147310744
1600;"clean";"Signbased.all";3;-0,176330917615494;0,288951336176182;0,653687880646496;-0,17110066498369;-0,320673280297344;0,749902753069257
1600;"clean";"Superlogical";3;-0,380531801511549;0,307598685702033;0,820341875813385;0,154131125856521;-0,953336868288534;0,175825087601864
1600;"clean";"Signbased.vis.gap";3;-0,655218143274801;0,0484253587886693;0,198072137392097;-0,597884283984773;-1,76946545770302;0,000222245158765689
1600;"clean";"Signbased.log.gap";3;0,077249820972915;0,782491120558515;0,333721598401086;0,394640036388996;-1,47029245681016;0,03937824376938
1600;"clean";"Signbased.all.gap";3;-0,320604904612298;0,161117453841804;0,97071530915828;0,312745258212438;-1,29254503353124;0,0141188942057721
1600;"clean";"Superlogical.gap";3;-0,817376471650595;0,575786534545308;0,346728259527832;1,37967460945129;-1,81771459455347;0,000238347300708754
1600;"clean";"Signbased.vis";4;0,798261984044081;-2,67269591393046;8,79348261390021e-07;0,828958435544971;-2,74296232734601;6,13406493241521e-07
1600;"clean";"Signbased.log";4;-0,2674429678672;-0,142719370401806;0,571344532584647;-0,611185616369017;-0,720182691346053;0,228015318778155
1600;"clean";"Signbased.all";4;-0,851246959074262;-0,139080076830422;0,074296179837786;-0,902809020776875;-0,548006880528856;0,0951367982607501
1600;"clean";"Superlogical";4;-0,733192089257511;0,111127392024691;0,522093679020567;0,329681204483869;-1,76821983108095;0,00111376046273293
1600;"clean";"Signbased.vis.gap";4;0,234819472532976;0,567126759086449;0,447625864778993;-0,573351044729761;-0,951253577374278;0,035662477621411
1600;"clean";"Signbased.log.gap";4;0,0499231132641432;-0,119487381194816;0,844662592979274;0,243125803774336;-1,12151962170153;0,0485957631798717
1600;"clean";"Signbased.all.gap";4;0,232530522864857;0,111107416932509;0,514587959081524;-0,219878437476088;-1,4055987113554;0,031879709424989
1600;"clean";"Superlogical.gap";4;-0,0311924069223456;-0,326138006209633;0,778204152059201;1,0919843675966;-1,86537312715243;0,000147205747349909
1600;"clean";"Signbased.vis";5;2,46593967802787;-6,49446568864857;5,08752682371677e-21;2,88241551846261;-7,2997003987131;5,80682816907416e-24
1600;"clean";"Signbased.log";5;0,0679939045531124;-2,36289166878471;1,17295406730953e-05;0,408273577951681;-2,55697430829128;1,61611783490344e-06
1600;"clean";"Signbased.all";5;0,204709999433518;-2,46818208577874;4,60003644964385e-06;0,382754957140975;-2,82099499404598;3,63703501550975e-07
1600;"clean";"Superlogical";5;-0,0103307581967724;-1,39060871108707;0,0167857951154152;0,0745496892746721;-2,17219286307712;5,79621299292977e-06
1600;"clean";"Signbased.vis.gap";5;0,0892846147778722;1,13209414646199;0,16994930795095;-0,810381225923018;-1,3657907620609;0,0015567566231706
1600;"clean";"Signbased.log.gap";5;0,498749150800611;1,44396158418691;0,00783034754150384;0,126702552882154;-2,20828140652963;2,80908881061026e-05
1600;"clean";"Signbased.all.gap";5;-1,03035080497861;0,138348017198608;0,228984832671175;-0,547835755151401;-1,28632571325517;0,00162225616830999
1600;"clean";"Superlogical.gap";5;-0,444517944498939;0,290513531035037;0,504456301133782;0,959224530968578;-2,60506036500409;2,46440044977917e-06
1600;"withoutSB";"Signbased.vis";1;0,674141904607622;-2,01470838225582;0,000237577723922473;0,53562055182856;-1,83545902491759;0,00148751119614923
1600;"withoutSB";"Signbased.log";1;-0,750409610531757;0,296657068636015;0,44631393791439;-0,559796122354519;-0,326065808596318;0,635048194860217
1600;"withoutSB";"Signbased.all";1;-0,334478049581653;0,73146538350606;0,127165160638652;-0,160753323284195;0,100534390916127;0,668643735358626
1600;"withoutSB";"Superlogical";1;-0,472311989930554;1,28244612781345;0,0192709022546877;-0,562661235961572;-0,931694593775761;0,0486220989359211
1600;"withoutSB";"Signbased.vis.gap";1;0,672193540714079;0,381461870272057;0,167392050210797;0,530886829293155;-1,39125138615682;0,0182792471361456
1600;"withoutSB";"Signbased.log.gap";1;-0,341458123190507;-2,20603565291533;7,09079042570278e-06;0,604820002515801;-2,72432741563768;8,89287953898456e-07
1600;"withoutSB";"Signbased.all.gap";1;-0,332877770511885;0,98955531283141;0,0968898312496067;-0,365588973864946;-0,527071690559643;0,558260827022143
1600;"withoutSB";"Superlogical.gap";1;-0,794252072558363;-1,51121780903263;8,91007051680581e-05;0,30204626735332;-2,35413656306177;1,63793789150081e-05
1600;"withoutSB";"Signbased.vis";2;0,832888155753612;-4,58468897037382;1,43869515614001e-14;0,525287216908371;-5,25810899388901;6,00398471778974e-18
1600;"withoutSB";"Signbased.log";2;-0,721210466724875;-0,903460569738716;0,111300947235673;0,120390009450832;-2,2550070140089;1,51568950622165e-05
1600;"withoutSB";"Signbased.all";2;-0,544060581025879;-0,874948687055397;0,135260106185008;-0,299000185245088;-1,80357975301751;0,000266658493005135
1600;"withoutSB";"Superlogical";2;0,148891380067222;-0,539293409769126;0,457270856781539;0,918243106979662;-1,7288494051191;0,000500169569920474
1600;"withoutSB";"Signbased.vis.gap";2;-0,327157402167539;-0,0465379393671604;0,727575708348177;1,14539142203641;-2,51226946492781;3,00177429621851e-06
1600;"withoutSB";"Signbased.log.gap";2;0,361323594482864;-1,11605738082324;0,15290752581644;1,04377560532074;-2,09338185585485;4,44987767134884e-05
1600;"withoutSB";"Signbased.all.gap";2;0,814103359549458;-0,222225771033864;0,245454861517893;0,912711676159464;-1,86600507775657;0,00161638941087303
1600;"withoutSB";"Superlogical.gap";2;1,32030781321679;0,249160402292123;0,228127227885219;0,350201858548105;-1,8739636207174;0,00126395720655323
1600;"withoutSB";"Signbased.vis";3;-0,146569862438819;-3,07022011871388;7,87002222822983e-09;-0,354786026550215;-3,40437937131515;7,23968874219165e-11
1600;"withoutSB";"Signbased.log";3;-0,0683233010365173;0,423386096459472;0,735398417733462;0,277555967110264;0,173610693990904;0,854089123994388
1600;"withoutSB";"Signbased.all";3;-0,0523591666524094;0,852034681167293;0,0611581503700933;0,150092889498589;0,37483799879827;0,672801588235971
1600;"withoutSB";"Superlogical";3;-0,11486850735937;0,539255073600649;0,519845812046689;-0,317919214603215;-0,545386775722892;0,681555002159016
1600;"withoutSB";"Signbased.vis.gap";3;-0,287526351886332;0,544021151550625;0,671500532056791;0,0771533438998022;-2,07872804082785;5,98409523596816e-05
1600;"withoutSB";"Signbased.log.gap";3;-0,567834141790184;0,23174608741409;0,274047028857615;0,281308625810969;-1,10046373112896;0,0841978806970961
1600;"withoutSB";"Signbased.all.gap";3;0,00606822559683027;-0,725014094468467;0,449228030250815;0,811096956126913;-1,60064338482923;0,00352822417508759
1600;"withoutSB";"Superlogical.gap";3;0,593919565033494;0,595662037522186;0,263020472559869;-0,506153451654046;-0,657102254610315;0,0492412051000692
1600;"withoutSB";"Signbased.vis";4;1,28569233339832;-1,94712646038605;0,000309256691084407;1,27808962485852;-2,03408374885996;0,000263295381144263
1600;"withoutSB";"Signbased.log";4;-0,104089191283259;0,157485779732693;0,799477719692298;-0,250825345141186;-0,110848214525937;0,933263804428338
1600;"withoutSB";"Signbased.all";4;-0,308524009680128;-0,139884896211611;0,76617414327825;-0,633703024074612;-0,249190067902601;0,231559035941745
1600;"withoutSB";"Superlogical";4;0,0100847586395412;-0,981785403017834;0,159115676930334;0,987777216567591;-2,27295718180718;5,86825303461956e-05
1600;"withoutSB";"Signbased.vis.gap";4;2,10616369919763;0,240924104334347;0,0110388308287929;0,638457314560037;-0,394207198148478;0,624399252141202
1600;"withoutSB";"Signbased.log.gap";4;-0,187386834311258;-0,34244631005224;0,74495850921171;0,142100095121745;-1,32684346700024;0,0344023592650457
1600;"withoutSB";"Signbased.all.gap";4;0,00532997348864212;-0,0469464039990425;0,229847008358839;-0,0393695810560266;-0,796528355530487;0,393515578128075
1600;"withoutSB";"Superlogical.gap";4;-0,631531757536622;0,595253436933401;0,224386588872684;0,132646203702236;-0,70329724010246;0,101780152047991
1600;"withoutSB";"Signbased.vis";5;7,6505100535413;-9,4145852689184;1,31228140053189e-26;9,26091473861314;-10,6751043847757;9,71866021525134e-30
1600;"withoutSB";"Signbased.log";5;0,0876651841935075;-2,16768515037672;3,10500519289949e-05;0,312283897558188;-2,61304893141904;2,88990058373239e-07
1600;"withoutSB";"Signbased.all";5;-0,596927500433589;-1,85568270308344;0,000110158877020389;-0,219317758598947;-2,62990703631369;3,57690489805625e-07
1600;"withoutSB";"Superlogical";5;-0,901195150113319;-0,67454874584122;0,035506723859969;-0,0904369206578893;-1,4457578417762;0,00121023839146113
1600;"withoutSB";"Signbased.vis.gap";5;0,260992875071675;0,0657150475146495;0,616225227611136;-0,150150894479279;-1,16594299763981;0,0838135885820008
1600;"withoutSB";"Signbased.log.gap";5;0,0694226423350443;0,26871691481775;0,199189892832904;0,227977919042002;-1,69435836167694;0,00177468097054306
1600;"withoutSB";"Signbased.all.gap";5;-0,687359077797001;0,130911759153843;0,571029078550086;-0,0524562337894418;-1,48728067911891;0,0221352846084732
1600;"withoutSB";"Superlogical.gap";5;0,891695632347495;1,09089085035973;0,124413433091473;0,114967194359606;-1,51314295067024;0,0067994686725342
2500;"clean";"Signbased.vis";1;0,680165540344785;-2,06623963139372;0,000144396505956319;0,376226084799194;-1,96672440774197;0,000613569815655962
2500;"clean";"Signbased.log";1;-0,105219718914309;1,06915641491711;0,186545351831616;0,155024680772062;0,419531040535466;0,643185691706827
2500;"clean";"Signbased.all";1;0,027916854429389;0,134573492673858;0,810359640426525;0,302631185989203;-0,681869531894321;0,260298138549719
2500;"clean";"Superlogical";1;-0,819037916231889;1,31531971324126;0,00510557472777244;-0,988133910172661;-0,745548154761016;0,0609133114129391
2500;"clean";"Signbased.vis.gap";1;0,191887225532297;0,703275947347652;0,744163598140395;-0,435321472779913;-1,70389857404566;0,00159773138409035
2500;"clean";"Signbased.log.gap";1;-0,291659161759051;-1,8813416485541;0,000752769268024048;0,802361963949173;-3,19608513535722;7,46880775280652e-09
2500;"clean";"Signbased.all.gap";1;0,224208314742424;0,098460253598577;0,475444293754329;0,309661453167839;-1,23446793493774;0,118974270523647
2500;"clean";"Superlogical.gap";1;0,122906041840364;-2,15832157148726;8,03980832954473e-05;1,42319478308808;-3,62836766735489;1,10859348472754e-09
2500;"clean";"Signbased.vis";2;-0,0101561899182778;-4,84608353135842;3,63049737034345e-16;0,0542657541920998;-5,59144411926911;1,22810819965531e-19
2500;"clean";"Signbased.log";2;0,920101220965058;-1,4891491631983;0,00741990806883588;0,69416839420107;-2,11403620816972;0,000250058486592846
2500;"clean";"Signbased.all";2;0,494835821089969;-0,967872198636733;0,0288489238660906;0,588332536584946;-1,27740319837493;0,0186486863143408
2500;"clean";"Superlogical";2;-0,289052093132215;-0,832685283741385;0,251489024916719;-0,651290749167339;-2,0992727836211;1,36982984231414e-05
2500;"clean";"Signbased.vis.gap";2;-0,223564315390293;-0,576475096923169;0,444633647342666;1,05959289105178;-3,49913701379932;9,83336839416743e-10
2500;"clean";"Signbased.log.gap";2;0,168697961661098;-1,39500712886982;0,00733987602405533;-0,0561549884511412;-1,94187583823633;0,000221676672560668
2500;"clean";"Signbased.all.gap";2;0,478926890763726;0,568616758628054;0,673588593233129;0,572110595083878;-1,57476214902923;0,0131483607210486
2500;"clean";"Superlogical.gap";2;-1,18583449589678;-0,414907072164929;0,0834462346648154;-0,341474687228206;-1,66021058590863;0,00244155893680049
2500;"clean";"Signbased.vis";3;1,04305050829318;-3,32544499811295;5,34733050776892e-09;1,23021200485281;-3,96473963494524;1,90823295253062e-11
2500;"clean";"Signbased.log";3;-0,719515716719632;-0,232942921272015;0,444595837701763;-0,486048386284603;-0,520771316195575;0,49282939544751
2500;"clean";"Signbased.all";3;-0,121606575040748;-0,413209970091509;0,0433125275269201;-0,110411887735849;-0,771572328018236;0,0488412606733411
2500;"clean";"Superlogical";3;0,244928405725898;-1,02437247737159;0,154226274359761;0,258198669204969;-2,00177107267039;0,000356560819611866
2500;"clean";"Signbased.vis.gap";3;-0,250030309298096;0,0428445434922183;0,444172336514457;0,629701205194593;-3,02743702649511;9,68228104850602e-08
2500;"clean";"Signbased.log.gap";3;-0,252457326515258;-0,0628306572015036;0,70813364060232;-0,162703560967378;-1,30745488194912;0,0138653875235096
2500;"clean";"Signbased.all.gap";3;0,142561934516799;0,370475631271004;0,986902607308604;-0,111194467655244;-2,15027746989193;9,70075767936456e-05
2500;"clean";"Superlogical.gap";3;0,58649744706904;0,216573838094654;0,503566107961158;0,744852128635648;-2,45249249388529;9,35928327812456e-06
2500;"clean";"Signbased.vis";4;0,65321670938481;-2,7873263678959;1,1583695058024e-07;0,125329140378652;-2,60642846458976;6,41317630214041e-07
2500;"clean";"Signbased.log";4;0,509981948732882;-1,95464044832614;0,000479316679021521;1,16522625178045;-1,79722735706788;0,000125862597592771
2500;"clean";"Signbased.all";4;0,616659885793536;-1,56349779334563;0,00933548852235506;0,708317901776323;-1,48934155755261;0,00277271020826281
2500;"clean";"Superlogical";4;-0,445785001569254;-0,745311365278268;0,404702648068178;-0,419471398398715;-2,09487939798883;6,09873992259323e-05
2500;"clean";"Signbased.vis.gap";4;0,251125690865374;-0,0541698894156192;0,57847508177831;0,745385938659928;-2,00881400763623;0,000342506847183411
2500;"clean";"Signbased.log.gap";4;0,58881634601719;-0,219554194687954;0,800554710069945;0,351375617990396;-2,31716870591896;2,07854427161083e-05
2500;"clean";"Signbased.all.gap";4;-0,606369481980228;0,146863575965392;0,236696292860893;-0,0119774083849275;-1,47932557545634;0,00769485541127857
2500;"clean";"Superlogical.gap";4;0,118713198930291;-0,526600383758834;0,324657921949678;0,531245732269485;-2,12081768493023;0,000140305916660404
2500;"clean";"Signbased.vis";5;4,63629678409294;-9,00639340458097;2,43378753438638e-27;5,27653318103889;-10,0935082251788;6,343518174152e-31
2500;"clean";"Signbased.log";5;-0,0219087668033962;-2,12381276238236;6,85824330548838e-05;0,282368090888374;-2,87730827875458;6,29933189425047e-08
2500;"clean";"Signbased.all";5;0,00535712965502172;-1,72169696045887;0,00421750542872962;-0,108797079296983;-2,46749880170982;3,88227300614867e-06
2500;"clean";"Superlogical";5;-0,283856788734603;-1,73478418909311;0,000232639505392526;0,358079239363941;-2,11273923194494;4,22735390724261e-06
2500;"clean";"Signbased.vis.gap";5;0,0336118660480916;-0,65536630489605;0,540662924855516;1,01750459180592;-3,21519751619091;2,46864047093623e-08
2500;"clean";"Signbased.log.gap";5;2,09616421885226;-0,0195784250304328;0,00804784805575963;1,24772783397077;-2,23705389049803;6,08026280435737e-06
2500;"clean";"Signbased.all.gap";5;0,185677356536068;0,136204582040083;0,376846503797502;-0,449777739067337;-1,80419543774346;0,000760194082346919
2500;"clean";"Superlogical.gap";5;0,942001647330224;0,901227177025995;0,154587115668976;0,343780646799586;-1,71158472395095;0,00379385393650334
2500;"withoutSB";"Signbased.vis";1;2,01145607722839;-2,48036373102405;2,78050017873319e-06;1,86715167202106;-2,14388786762507;2,20800567552272e-05
2500;"withoutSB";"Signbased.log";1;-0,728942919835895;-0,141584794634637;0,253364777550447;0,0389698626769257;-1,17776797858618;0,0216503551500508
2500;"withoutSB";"Signbased.all";1;-0,86736848349778;-0,68761519760364;0,0755421508555097;0,165853995145366;-1,44326245920218;0,00835294900496334
2500;"withoutSB";"Superlogical";1;-1,23970308275243;0,24075923126623;0,0117807062506225;-0,716949671652174;-1,76237364251545;0,000250884090659647
2500;"withoutSB";"Signbased.vis.gap";1;-0,344412838321197;0,761637097345175;0,123165864080688;0,227158480550346;-1,31548672038927;0,0025230593586389
2500;"withoutSB";"Signbased.log.gap";1;-0,1488139405466;-2,0913440649993;8,64856814359705e-05;1,22047896132645;-3,70968285046009;2,10199706597655e-10
2500;"withoutSB";"Signbased.all.gap";1;0,432491633899577;0,563995334677489;0,27151800662236;-0,0530290553078912;-1,02326652786276;0,0684824451605649
2500;"withoutSB";"Superlogical.gap";1;-0,768298015502767;-0,937177090988751;0,182388982803081;-0,158201637723581;-2,79180360128696;1,24222285236791e-07
2500;"withoutSB";"Signbased.vis";2;0,894575801071209;-6,53194500476596;7,97097448706413e-22;1,18062874607292;-7,5700094935418;9,5700179905744e-26
2500;"withoutSB";"Signbased.log";2;0,579384642236833;-0,201188596512328;0,689915605925385;0,844955811269835;-1,7763053910116;0,000242975959848218
2500;"withoutSB";"Signbased.all";2;1,35757545588912;-0,97241096690682;0,0246085894390944;1,30885136214288;-1,92730732246918;0,000265735165340182
2500;"withoutSB";"Superlogical";2;-0,501516318539349;-0,290569700966919;0,73845997024227;0,247990041983932;-2,20272064992877;1,56457927741198e-05
2500;"withoutSB";"Signbased.vis.gap";2;-0,404504283873261;0,845855356951348;0,2414900742815;1,10006059782025;-3,0045767206345;3,64850159968635e-08
2500;"withoutSB";"Signbased.log.gap";2;0,422495723799803;-1,20345792311553;0,0990252875958383;-0,144931752330714;-2,41391515677275;7,26062186620158e-06
2500;"withoutSB";"Signbased.all.gap";2;0,376880914968865;0,0781691838102485;0,817256844553651;1,03484818771663;-2,58511605621439;4,54000838610097e-06
2500;"withoutSB";"Superlogical.gap";2;-0,36338961250038;-0,347201811618324;0,823107811998171;-0,847329468311368;-2,10096472368908;1,5310237796564e-05
2500;"withoutSB";"Signbased.vis";3;0,983870621877517;-4,29082955924386;1,88851236445568e-12;1,0940171025503;-5,03093211941284;1,85582408165147e-15
2500;"withoutSB";"Signbased.log";3;-0,425062228909144;-0,328645644950329;0,831200056349987;-0,354851660134788;-1,62467041733914;0,00195413231507011
2500;"withoutSB";"Signbased.all";3;-0,965817038900126;-1,52898547842631;0,00130270743897204;-0,759395356456288;-2,10053482415432;1,82034917770236e-05
2500;"withoutSB";"Superlogical";3;0,913083892726149;0,385911334845897;0,531491918030312;0,735521442404308;-0,82169158006942;0,217609906551701
2500;"withoutSB";"Signbased.vis.gap";3;-0,430638380816244;-0,298054981248655;0,132569088394012;0,596584602161939;-1,88642388301248;0,000461111771846008
2500;"withoutSB";"Signbased.log.gap";3;-0,312455622034818;0,732940570664338;0,0250893759234642;-0,216299046460014;-2,43284206644525;3,31392884286138e-06
2500;"withoutSB";"Signbased.all.gap";3;-0,411176354666803;0,0914584136828806;0,553552205615634;0,124758663350265;-1,54479546235756;0,0146018460621336
2500;"withoutSB";"Superlogical.gap";3;-0,482838859075997;0,0720386070134189;0,769386631321809;-0,409119121074279;-1,99313956782783;0,000154645364447447
2500;"withoutSB";"Signbased.vis";4;0,945862601914334;-3,02921250415251;1,62760589366568e-07;0,78362964131335;-2,85506652375653;4,75726236974593e-07
2500;"withoutSB";"Signbased.log";4;-0,837999320046258;-0,63259823726464;0,072472777496408;-0,58081725632765;-1,01190447112548;0,0875878191518206
2500;"withoutSB";"Signbased.all";4;-0,720688542352601;-0,310452664382122;0,340734572637569;-0,332286904624533;-0,748658110734215;0,121218012058266
2500;"withoutSB";"Superlogical";4;1,05392751759806;-1,01903574055105;0,0852153330265701;1,13987875546297;-1,76255953780445;0,00107957041656595
2500;"withoutSB";"Signbased.vis.gap";4;0,129177660314564;0,03253763495198;0,682042337184189;1,07080754310345;-2,09663204110461;8,88219279550225e-05
2500;"withoutSB";"Signbased.log.gap";4;0,44612747762341;-1,41436949046228;0,0463643708677617;0,0599707898782158;-2,56059683473466;4,53128596563069e-06
2500;"withoutSB";"Signbased.all.gap";4;-0,0242888712368922;0,123598525447626;0,903096497128109;-0,234566608618547;-1,28216237737443;0,0809783365181743
2500;"withoutSB";"Superlogical.gap";4;0,0409139043485865;-0,744693185763248;0,624789923367142;-0,184709918370814;-1,92095161404351;0,000371271460611898
2500;"withoutSB";"Signbased.vis";5;8,77251072285681;-11,1300435887872;2,31828194109342e-31;10,0407433707943;-12,3648310020673;2,20545538488497e-34
2500;"withoutSB";"Signbased.log";5;-0,081736621817621;-1,80145356393971;0,000852093540004388;0,838132874852671;-3,32856822818749;3,91794761075535e-09
2500;"withoutSB";"Signbased.all";5;0,495913900981136;-2,65846077748265;9,77085023383424e-07;1,33764508819383;-3,82811797269915;1,94784092044157e-10
2500;"withoutSB";"Superlogical";5;-1,11049937059619;-1,04429626797058;0,00682726145471313;-0,639428647495298;-1,48860160230495;0,000135011052264557
2500;"withoutSB";"Signbased.vis.gap";5;-0,51191483988168;-0,786563182985541;0,195824661626871;1,52965664845911;-3,25175037825153;1,45366465571803e-08
2500;"withoutSB";"Signbased.log.gap";5;0,363333507383275;0,926825028989726;0,107604327268957;0,124788951135524;-2,3230419156611;2,21744972445941e-05
2500;"withoutSB";"Signbased.all.gap";5;-0,727156893174269;-0,392886402039101;0,304897614255326;0,2137180457395;-2,0010975594269;7,81201568191461e-05
2500;"withoutSB";"Superlogical.gap";5;0,376227751407361;1,04469075641154;0,154051908697787;1,24730381277856;-2,29051330752185;9,01625463381747e-06
